{
    "challenge-by-biometry": "Para identificarte, por favor, usa la biometría",
    "challenge-by-faceid": "Para identificarte, por favor, usa Face ID",
    "challenge-by-fingerprint": "Para identificarte, por favor usa tu huella digital",
    "challenge-by-touchid": "Para identificarte, por favor, usa Touch ID",
    "do-you-want-to-log-by-biometry": "¿Quieres entrar en tu sessión con la Biometría?",
    "do-you-want-to-log-by-faceid": "¿Quieres entrar en tu sessión con FaceID?",
    "do-you-want-to-log-by-fingerprint": "¿Quieres entrar en tu sessión via tu huella digital?",
    "do-you-want-to-log-by-touchid": "¿Quieres entrar en tu sessión con TouchID?",
    "login-by-biometry": "Conexión por Biometría",
    "login-by-faceid": "Conexión por FaceID",
    "login-by-fingerprint": "Acceso con huella digital",
    "login-by-touchid": "Conexión por ToucheID",
    "status-attempt": "Por favor, inténtalo otra vez",
    "status-failed": "Demasiados intentos. Vuelve a intentarlo más tarde.",
    "status-success": "Conectando...",
    "use-access-code": "Prefiero introducir mi clave de acceso",
    "use-biometry": "Usar la biometría",
    "use-faceid": "Usar FaceID",
    "use-fingerprint": "Usar mi huella digital",
    "use-scan-fingerprint-to-continue": "Usa el lector de huellas digital para continuar",
    "use-touchid": "Usar TouchID",
    "you-want-to-access-to-your-bad": "{{firstName}}, te gustaría tener tu IBAN"
}
