{
    "buttonOK": "OK",
    "forbidAllPayments": {
        "text": "Votre carte est temporairement bloquée"
    },
    "classicError": {
        "text": "Une erreur est survenue."
    },
    "cardPreferences": {
        "text": "Une erreur est survenue lors de la mise à jour de vos préférences."
    },
    "editUserProfileUnselectable": {
        "text": "Conformément à nos Conditions Générales et Tarifaires, Nickel ne peut pas être utilisé à des fins professionnelles (régime auto-entrepreneur inclus)"
    },
    "nickelChromeInsufficientBalance": {
        "text": "Votre solde est insuffisant - {{amount}}€ min"
    }
}
